Financial year,Period,Fin-period,Great Britain or Non-Great Britain,Vehicle group,Mechanical checks,obsStatus1,Mechanical prohibitions issued,obsStatus2,Mechanical prohibition rate,obsStatus3,Traffic checks,obsStatus4,Drivers' hours prohibitions issued,obsStatus5,Drivers' hours prohibition rate,obsStatus6,Offence prohibition,obsStatus7,Offence prohibition rate,obsStatus8,Weight checks,obsStatus9,Overload prohibitions issued,obsStatus10,Overload prohibition rate,obsStatus11,Fixed penalties,obsStatus12,Penalty amount,obsStatus13
2022 to 2023,Quarter 4: January to March,2022-2023/Q4,Great Britain,Car,151,,86,,56.95,,13,,1,,7.69,,4,,30.77,,4,,0,,0.00,,3,,£800.00,
2022 to 2023,Quarter 4: January to March,2022-2023/Q4,Great Britain,Heavy goods vehicle (HGV),5670,,1449,,25.56,,5657,,158,,2.79,,98,,1.73,,956,,274,,28.66,,799,,£126900.00,
2022 to 2023,Quarter 4: January to March,2022-2023/Q4,Great Britain,LGV,1157,,695,,60.07,,624,,10,,1.60,,31,,4.97,,527,,393,,74.57,,248,,£50000.00,
2022 to 2023,Quarter 4: January to March,2022-2023/Q4,Great Britain,Non Testable,536,,283,,52.80,,371,,2,,0.54,,0,,0.00,,145,,4,,2.76,,9,,£1200.00,
2022 to 2023,Quarter 4: January to March,2022-2023/Q4,Great Britain,PSV,369,,92,,24.93,,246,,13,,5.28,,0,,0.00,,0,,0,,,x,18,,£2350.00,
2022 to 2023,Quarter 4: January to March,2022-2023/Q4,Great Britain,Taxi,54,,41,,75.93,,1,,0,,0.00,,0,,0.00,,0,,0,,,x,0,,,x
2022 to 2023,Quarter 4: January to March,2022-2023/Q4,Great Britain,Trailer,2430,,703,,28.93,,0,,0,,,x,0,,,x,5,,0,,0.00,,0,,,x
2022 to 2023,Quarter 4: January to March,2022-2023/Q4,Non-Great Britain,Car,1,,1,,100.00,,0,,0,,,x,0,,,x,0,,0,,,x,0,,,x
2022 to 2023,Quarter 4: January to March,2022-2023/Q4,Non-Great Britain,Heavy goods vehicle (HGV),6341,,1213,,19.13,,10051,,193,,1.92,,247,,2.46,,1192,,233,,19.55,,4071,,£888150.00,
2022 to 2023,Quarter 4: January to March,2022-2023/Q4,Non-Great Britain,LGV,84,,46,,54.76,,112,,4,,3.57,,20,,17.86,,84,,59,,70.24,,97,,£14350.00,
2022 to 2023,Quarter 4: January to March,2022-2023/Q4,Non-Great Britain,Non Testable,39,,27,,69.23,,53,,0,,0.00,,0,,0.00,,22,,0,,0.00,,0,,,x
2022 to 2023,Quarter 4: January to March,2022-2023/Q4,Non-Great Britain,PSV,5,,2,,40.00,,11,,0,,0.00,,0,,0.00,,0,,0,,,x,2,,£600.00,
2022 to 2023,Quarter 4: January to March,2022-2023/Q4,Non-Great Britain,Trailer,6047,,1894,,31.32,,0,,0,,,x,0,,,x,17,,0,,0.00,,1,,£300.00,
2022 to 2023,Quarter 4: January to March,2022-2023/Q4,Non-Great Britain,Subtotal,22884,,6532,,28.54,,17139,,381,,2.22,,400,,2.33,,2952,,963,,32.62,,5248,,£1084650.00,
2022 to 2023,Quarter 4: January to March,2022-2023/Q4,Total,2022 to 2023 quarter 4,,x,,x,,x,,x,,x,,x,,x,,x,,x,,x,,x,,x,,x
2022 to 2023,Quarter 3: October to December,2022-2023/Q3,Great Britain,Car,246,,147,,59.76,,22,,1,,4.55,,7,,31.82,,9,,4,,44.44,,11,,£2100.00,
2022 to 2023,Quarter 3: October to December,2022-2023/Q3,Great Britain,Heavy goods vehicle (HGV),3928,,880,,22.40,,4017,,95,,2.36,,68,,1.69,,605,,184,,30.41,,570,,£100650.00,
2022 to 2023,Quarter 3: October to December,2022-2023/Q3,Great Britain,LGV,1997,,1154,,57.79,,1019,,16,,1.57,,66,,6.48,,837,,579,,69.18,,357,,£66950.00,
2022 to 2023,Quarter 3: October to December,2022-2023/Q3,Great Britain,Non Testable,591,,310,,52.45,,408,,0,,0.00,,0,,0.00,,163,,1,,0.61,,3,,£300.00,
2022 to 2023,Quarter 3: October to December,2022-2023/Q3,Great Britain,PSV,998,,190,,19.04,,563,,9,,1.60,,3,,0.53,,2,,1,,50.00,,18,,£3050.00,
2022 to 2023,Quarter 3: October to December,2022-2023/Q3,Great Britain,Taxi,170,,109,,64.12,,1,,0,,0.00,,0,,0.00,,0,,0,,,x,8,,£550.00,
2022 to 2023,Quarter 3: October to December,2022-2023/Q3,Great Britain,Trailer,1654,,385,,23.28,,0,,0,,,x,0,,,x,1,,0,,0.00,,0,,,x
2022 to 2023,Quarter 3: October to December,2022-2023/Q3,Non-Great Britain,Car,2,,1,,50.00,,0,,0,,,x,0,,,x,0,,0,,,x,0,,,x
2022 to 2023,Quarter 3: October to December,2022-2023/Q3,Non-Great Britain,Heavy goods vehicle (HGV),4639,,947,,20.41,,7373,,155,,2.10,,188,,2.55,,413,,135,,32.69,,3259,,£724900.00,
2022 to 2023,Quarter 3: October to December,2022-2023/Q3,Non-Great Britain,LGV,165,,69,,41.82,,239,,6,,2.51,,33,,13.81,,187,,115,,61.50,,151,,£24200.00,
2022 to 2023,Quarter 3: October to December,2022-2023/Q3,Non-Great Britain,Non Testable,53,,23,,43.40,,58,,0,,0.00,,0,,0.00,,32,,0,,0.00,,0,,,x
2022 to 2023,Quarter 3: October to December,2022-2023/Q3,Non-Great Britain,PSV,18,,6,,33.33,,30,,2,,6.67,,0,,0.00,,0,,0,,,x,4,,£1200.00,
2022 to 2023,Quarter 3: October to December,2022-2023/Q3,Non-Great Britain,Taxi,2,,2,,100.00,,0,,0,,,x,0,,,x,0,,0,,,x,0,,,x
2022 to 2023,Quarter 3: October to December,2022-2023/Q3,Non-Great Britain,Trailer,4459,,1373,,30.79,,0,,0,,,x,0,,,x,12,,0,,0.00,,1,,£100.00,
2022 to 2023,Quarter 3: October to December,2022-2023/Q3,Total,2022 to 2023 quarter 3,18922,,5596,,29.57,,13730,,284,,2.07,,365,,2.66,,2261,,1019,,45.07,,4382,,£924000.00,
2022 to 2023,Quarter 2: July to September,2022-2023/Q2,Great Britain,Car,291,,157,,53.95,,29,,1,,3.45,,12,,41.38,,11,,5,,45.45,,9,,£2350.00,
2022 to 2023,Quarter 2: July to September,2022-2023/Q2,Great Britain,Heavy goods vehicle (HGV),3640,,827,,22.72,,4022,,89,,2.21,,73,,1.82,,527,,169,,32.07,,538,,£94700.00,
2022 to 2023,Quarter 2: July to September,2022-2023/Q2,Great Britain,LGV,2108,,1081,,51.28,,1206,,25,,2.07,,97,,8.04,,952,,633,,66.49,,403,,£82800.00,
2022 to 2023,Quarter 2: July to September,2022-2023/Q2,Great Britain,Non Testable,852,,410,,48.12,,509,,0,,0.00,,2,,0.39,,212,,1,,0.47,,7,,£700.00,
2022 to 2023,Quarter 2: July to September,2022-2023/Q2,Great Britain,PSV,1027,,137,,13.34,,837,,13,,1.55,,22,,2.63,,1,,0,,0.00,,33,,£7250.00,
2022 to 2023,Quarter 2: July to September,2022-2023/Q2,Great Britain,Taxi,174,,92,,52.87,,6,,0,,0.00,,0,,0.00,,0,,0,,,x,2,,£150.00,
2022 to 2023,Quarter 2: July to September,2022-2023/Q2,Great Britain,Trailer,1632,,385,,23.59,,0,,0,,,x,0,,,x,8,,0,,0.00,,0,,,x
2022 to 2023,Quarter 2: July to September,2022-2023/Q2,Non-Great Britain,Heavy goods vehicle (HGV),4578,,852,,18.61,,7363,,191,,2.59,,204,,2.77,,407,,149,,36.61,,3626,,£880900.00,
2022 to 2023,Quarter 2: July to September,2022-2023/Q2,Non-Great Britain,LGV,143,,45,,31.47,,206,,3,,1.46,,40,,19.42,,149,,96,,64.43,,121,,£20550.00,
2022 to 2023,Quarter 2: July to September,2022-2023/Q2,Non-Great Britain,Non Testable,46,,24,,52.17,,68,,0,,0.00,,0,,0.00,,32,,0,,0.00,,0,,,x
2022 to 2023,Quarter 2: July to September,2022-2023/Q2,Non-Great Britain,PSV,14,,2,,14.29,,38,,0,,0.00,,1,,2.63,,0,,0,,,x,8,,£2200.00,
2022 to 2023,Quarter 2: July to September,2022-2023/Q2,Non-Great Britain,Trailer,4322,,1312,,30.36,,0,,0,,,x,0,,,x,11,,0,,0.00,,0,,,x
2022 to 2023,Quarter 2: July to September,2022-2023/Q2,Total,2022 to 2023 quarter 2,18827,,5324,,28.28,,14284,,322,,2.25,,451,,3.16,,2310,,1053,,45.58,,4747,,£1091600.00,
2022 to 2023,Quarter 1: April to June,2022-2023/Q1,Great Britain,Car,354,,211,,59.60,,36,,0,,0.00,,13,,36.11,,15,,7,,46.67,,11,,£2250.00,
2022 to 2023,Quarter 1: April to June,2022-2023/Q1,Great Britain,Heavy goods vehicle (HGV),4423,,999,,22.59,,4297,,94,,2.19,,84,,1.95,,611,,164,,26.84,,515,,£90650.00,
2022 to 2023,Quarter 1: April to June,2022-2023/Q1,Great Britain,LGV,2239,,1108,,49.49,,1224,,26,,2.12,,98,,8.01,,927,,634,,68.39,,441,,£90600.00,
2022 to 2023,Quarter 1: April to June,2022-2023/Q1,Great Britain,Non Testable,950,,435,,45.79,,606,,0,,0.00,,1,,0.17,,219,,2,,0.91,,8,,£1200.00,
2022 to 2023,Quarter 1: April to June,2022-2023/Q1,Great Britain,PSV,1029,,200,,19.44,,987,,26,,2.63,,34,,3.44,,3,,1,,33.33,,52,,£12300.00,
2022 to 2023,Quarter 1: April to June,2022-2023/Q1,Great Britain,Taxi,88,,46,,52.27,,7,,0,,0.00,,0,,0.00,,0,,0,,,x,5,,£450.00,
2022 to 2023,Quarter 1: April to June,2022-2023/Q1,Great Britain,Trailer,1886,,434,,23.01,,0,,0,,,x,0,,,x,4,,0,,0.00,,0,,,x
2022 to 2023,Quarter 1: April to June,2022-2023/Q1,Non-Great Britain,Car,4,,3,,75.00,,2,,0,,0.00,,0,,0.00,,0,,0,,,x,0,,,x
2022 to 2023,Quarter 1: April to June,2022-2023/Q1,Non-Great Britain,Heavy goods vehicle (HGV),6003,,1109,,18.47,,8418,,204,,2.42,,232,,2.76,,644,,202,,31.37,,4636,,£1050850.00,
2022 to 2023,Quarter 1: April to June,2022-2023/Q1,Non-Great Britain,LGV,155,,58,,37.42,,208,,5,,2.40,,29,,13.94,,172,,95,,55.23,,122,,£18700.00,
2022 to 2023,Quarter 1: April to June,2022-2023/Q1,Non-Great Britain,Non Testable,40,,21,,52.50,,47,,0,,0.00,,0,,0.00,,29,,0,,0.00,,0,,,x
2022 to 2023,Quarter 1: April to June,2022-2023/Q1,Non-Great Britain,PSV,15,,3,,20.00,,25,,2,,8.00,,0,,0.00,,0,,0,,,x,8,,£2100.00,
2022 to 2023,Quarter 1: April to June,2022-2023/Q1,Non-Great Britain,Trailer,5756,,1767,,30.70,,0,,0,,,x,0,,,x,21,,0,,0.00,,1,,£300.00,
2022 to 2023,Quarter 1: April to June,2022-2023/Q1,Total,2022 to 2023 quarter 1,22942,,6394,,27.87,,15857,,357,,2.25,,491,,3.10,,2645,,1105,,41.78,,5799,,£1269400.00,
2021 to 2022,Quarter 4: January to March,2021-2022/Q4,Great Britain,Heavy goods vehicle (HGV),4903,,969,,19.76,,4679,,94,,2.01,,104,,2.22,,483,,161,,33.33,,458,,£80850.00,
2021 to 2022,Quarter 4: January to March,2021-2022/Q4,Great Britain,Car,248,,155,,62.50,,32,,1,,3.13,,10,,31.25,,12,,5,,41.67,,9,,£1850.00,
2021 to 2022,Quarter 4: January to March,2021-2022/Q4,Great Britain,Light goods vehicle,1973,,996,,50.48,,1084,,15,,1.38,,55,,5.07,,835,,556,,66.59,,338,,£70800.00,
2021 to 2022,Quarter 4: January to March,2021-2022/Q4,Great Britain,Non Testable,475,,268,,56.42,,391,,0,,0.00,,1,,0.26,,159,,2,,1.26,,5,,£400.00,
2021 to 2022,Quarter 4: January to March,2021-2022/Q4,Great Britain,Taxi,143,,84,,58.74,,2,,0,,0.00,,0,,0.00,,0,,0,,,x,9,,£1150.00,
2021 to 2022,Quarter 4: January to March,2021-2022/Q4,Great Britain,Public service vehicle,1122,,105,,9.36,,798,,4,,0.50,,6,,0.75,,0,,0,,,x,10,,£1850.00,
2021 to 2022,Quarter 4: January to March,2021-2022/Q4,Great Britain,Trailer,2078,,439,,21.13,,0,,0,,,x,0,,,x,5,,0,,0.00,,0,,,x
2021 to 2022,Quarter 4: January to March,2021-2022/Q4,Great Britain,Subtotal,10942,,3016,,27.56,,6986,,114,,1.63,,176,,2.52,,1494,,724,,48.46,,829,,£156900.00,
2021 to 2022,Quarter 4: January to March,2021-2022/Q4,Non-Great Britain,Heavy goods vehicle (HGV),6935,,1268,,18.28,,9554,,247,,2.59,,214,,2.24,,617,,222,,35.98,,4881,,£1084200.00,
2021 to 2022,Quarter 4: January to March,2021-2022/Q4,Non-Great Britain,Car,3,,3,,100.00,,1,,0,,0.00,,1,,100.00,,0,,0,,,x,1,,£300.00,
2021 to 2022,Quarter 4: January to March,2021-2022/Q4,Non-Great Britain,Light goods vehicle,274,,85,,31.02,,177,,4,,2.26,,16,,9.04,,166,,107,,64.46,,140,,£23050.00,
2021 to 2022,Quarter 4: January to March,2021-2022/Q4,Non-Great Britain,Non Testable,45,,18,,40.00,,55,,0,,0.00,,0,,0.00,,28,,0,,0.00,,0,,,x
2021 to 2022,Quarter 4: January to March,2021-2022/Q4,Non-Great Britain,Taxi,6,,5,,83.33,,0,,0,,,x,0,,,x,0,,0,,,x,2,,£150.00,
2021 to 2022,Quarter 4: January to March,2021-2022/Q4,Non-Great Britain,Public service vehicle,1,,0,,0.00,,1,,0,,0.00,,0,,0.00,,0,,0,,,x,0,,,x
2021 to 2022,Quarter 4: January to March,2021-2022/Q4,Non-Great Britain,Trailer,6633,,1837,,27.69,,0,,0,,,x,0,,,x,30,,0,,0.00,,0,,,x
2021 to 2022,Quarter 4: January to March,2021-2022/Q4,Non-Great Britain,Subtotal,13897,,3216,,23.14,,9788,,251,,2.56,,231,,2.36,,841,,329,,39.12,,5024,,£1107700.00,
2021 to 2022,Quarter 4: January to March,2021-2022/Q4,Total,2021 to 2022 quarter 4,24839,,6232,,25.09,,16774,,365,,2.18,,407,,2.43,,2335,,1053,,45.10,,5853,,£1264600.00,
2021 to 2022,Quarter 3: October to December,2021-2022/Q3,Great Britain,Heavy goods vehicle (HGV),4567,,836,,18.31,,4331,,95,,2.19,,76,,1.75,,553,,156,,28.21,,535,,£102200.00,
2021 to 2022,Quarter 3: October to December,2021-2022/Q3,Great Britain,Car,277,,176,,63.54,,18,,0,,0.00,,8,,44.44,,12,,2,,16.67,,3,,£650.00,
2021 to 2022,Quarter 3: October to December,2021-2022/Q3,Great Britain,Light goods vehicle,1913,,1066,,55.72,,1174,,6,,0.51,,42,,3.58,,905,,599,,66.19,,436,,£97700.00,
2021 to 2022,Quarter 3: October to December,2021-2022/Q3,Great Britain,Non Testable,470,,231,,49.15,,370,,1,,0.27,,0,,0.00,,143,,1,,0.70,,2,,£200.00,
2021 to 2022,Quarter 3: October to December,2021-2022/Q3,Great Britain,Taxi,137,,80,,58.39,,1,,0,,0.00,,0,,0.00,,0,,0,,,x,16,,£1200.00,
2021 to 2022,Quarter 3: October to December,2021-2022/Q3,Great Britain,Public service vehicle,1186,,127,,10.71,,992,,8,,0.81,,15,,1.51,,1,,0,,0.00,,23,,£4400.00,
2021 to 2022,Quarter 3: October to December,2021-2022/Q3,Great Britain,Trailer,2038,,427,,20.95,,0,,0,,,x,0,,,x,12,,0,,0.00,,0,,,x
2021 to 2022,Quarter 3: October to December,2021-2022/Q3,Great Britain,Subtotal,10588,,2943,,27.80,,6886,,110,,1.60,,141,,2.05,,1626,,758,,46.62,,1015,,£206350.00,
2021 to 2022,Quarter 3: October to December,2021-2022/Q3,Non-Great Britain,Heavy goods vehicle (HGV),6820,,1157,,16.96,,9430,,229,,2.43,,214,,2.27,,763,,272,,35.65,,4530,,£1006150.00,
2021 to 2022,Quarter 3: October to December,2021-2022/Q3,Non-Great Britain,Car,2,,2,,100.00,,0,,0,,,x,0,,,x,0,,0,,,x,0,,,x
2021 to 2022,Quarter 3: October to December,2021-2022/Q3,Non-Great Britain,Light goods vehicle,246,,78,,31.71,,136,,2,,1.47,,20,,14.71,,124,,83,,66.94,,144,,£20900.00,
2021 to 2022,Quarter 3: October to December,2021-2022/Q3,Non-Great Britain,Non Testable,39,,21,,53.85,,62,,0,,0.00,,0,,0.00,,34,,0,,0.00,,0,,,x
2021 to 2022,Quarter 3: October to December,2021-2022/Q3,Non-Great Britain,Taxi,1,,1,,100.00,,0,,0,,,x,0,,,x,0,,0,,,x,1,,£50.00,
2021 to 2022,Quarter 3: October to December,2021-2022/Q3,Non-Great Britain,Public service vehicle,1,,0,,0.00,,3,,0,,0.00,,0,,0.00,,0,,0,,,x,0,,,x
2021 to 2022,Quarter 3: October to December,2021-2022/Q3,Non-Great Britain,Trailer,6601,,1721,,26.07,,0,,0,,,x,0,,,x,32,,0,,0.00,,0,,,x
2021 to 2022,Quarter 3: October to December,2021-2022/Q3,Non-Great Britain,Subtotal,13710,,2980,,21.74,,9631,,231,,2.40,,234,,2.43,,953,,355,,37.25,,4675,,£1027100.00,
2021 to 2022,Quarter 3: October to December,2021-2022/Q3,Total,2021 to 2022 quarter 3,24298,,5923,,24.38,,16517,,341,,2.06,,375,,2.27,,2579,,1113,,43.16,,5690,,£1233450.00,
2021 to 2022,Quarter 2: July to September,2021-2022/Q2,Great Britain,Heavy goods vehicle (HGV),5140,,987,,19.20,,4786,,85,,1.78,,111,,2.32,,686,,202,,29.45,,598,,£108150.00,
2021 to 2022,Quarter 2: July to September,2021-2022/Q2,Great Britain,Car,626,,162,,25.88,,33,,2,,6.06,,8,,24.24,,9,,5,,55.56,,10,,£2200.00,
2021 to 2022,Quarter 2: July to September,2021-2022/Q2,Great Britain,Light goods vehicle,1696,,898,,52.95,,1046,,15,,1.43,,81,,7.74,,868,,613,,70.62,,422,,£99550.00,
2021 to 2022,Quarter 2: July to September,2021-2022/Q2,Great Britain,Non Testable,888,,263,,29.62,,469,,1,,0.21,,0,,0.00,,149,,0,,0.00,,6,,£1200.00,
2021 to 2022,Quarter 2: July to September,2021-2022/Q2,Great Britain,Taxi,105,,47,,44.76,,4,,0,,0.00,,0,,0.00,,0,,0,,,x,1,,£100.00,
2021 to 2022,Quarter 2: July to September,2021-2022/Q2,Great Britain,Public service vehicle,936,,75,,8.01,,728,,9,,1.24,,13,,1.79,,1,,0,,0.00,,9,,£2700.00,
2021 to 2022,Quarter 2: July to September,2021-2022/Q2,Great Britain,Trailer,2309,,506,,21.91,,0,,0,,,x,0,,,x,10,,0,,0.00,,,x,,x
2021 to 2022,Quarter 2: July to September,2021-2022/Q2,Great Britain,Subtotal,11700,,2938,,25.11,,7066,,112,,1.59,,213,,3.01,,1723,,820,,47.59,,1046,,£213900.00,
2021 to 2022,Quarter 2: July to September,2021-2022/Q2,Non-Great Britain,Heavy goods vehicle (HGV),6247,,1087,,17.40,,8586,,197,,2.29,,224,,2.61,,735,,247,,33.61,,3913,,£823350.00,
2021 to 2022,Quarter 2: July to September,2021-2022/Q2,Non-Great Britain,Car,5,,1,,20.00,,0,,0,,,x,0,,,x,0,,0,,,x,,x,,x
2021 to 2022,Quarter 2: July to September,2021-2022/Q2,Non-Great Britain,Light goods vehicle,224,,67,,29.91,,134,,3,,2.24,,19,,14.18,,110,,78,,70.91,,114,,£17500.00,
2021 to 2022,Quarter 2: July to September,2021-2022/Q2,Non-Great Britain,Non Testable,48,,16,,33.33,,52,,0,,0.00,,0,,0.00,,22,,,x,0.00,,0,,,x
2021 to 2022,Quarter 2: July to September,2021-2022/Q2,Non-Great Britain,Taxi,,x,,x,,x,,x,,x,,x,,x,,x,,x,0,,,x,,x,,x
2021 to 2022,Quarter 2: July to September,2021-2022/Q2,Non-Great Britain,Public service vehicle,4,,1,,25.00,,3,,1,,33.33,,1,,33.33,,1,,0,,0.00,,3,,£700.00,
2021 to 2022,Quarter 2: July to September,2021-2022/Q2,Non-Great Britain,Trailer,6072,,1777,,29.27,,0,,0,,,x,,x,,x,40,,0,,0.00,,0,,,x
2021 to 2022,Quarter 2: July to September,2021-2022/Q2,Non-Great Britain,Subtotal,12600,,2949,,23.40,,8775,,201,,2.29,,244,,2.78,,908,,325,,35.79,,4030,,£841550.00,
2021 to 2022,Quarter 2: July to September,2021-2022/Q2,Total,2021 to 2022 quarter 2,24300,,5887,,24.23,,15841,,313,,1.98,,457,,2.88,,2631,,1145,,43.52,,5076,,£1055450.00,
2021 to 2022,Quarter 1: April to June,2021-2022/Q1,Great Britain,Heavy goods vehicle (HGV),5544,,1117,,20.15,,5110,,121,,2.37,,94,,1.84,,826,,227,,27.48,,667,,£123450.00,
2021 to 2022,Quarter 1: April to June,2021-2022/Q1,Great Britain,Car,318,,101,,31.76,,20,,2,,10.00,,3,,15.00,,11,,3,,27.27,,4,,£1000.00,
2021 to 2022,Quarter 1: April to June,2021-2022/Q1,Great Britain,Light goods vehicle,1670,,867,,51.92,,1261,,22,,1.74,,91,,7.22,,1049,,729,,69.49,,527,,£118650.00,
2021 to 2022,Quarter 1: April to June,2021-2022/Q1,Great Britain,Non Testable,655,,292,,44.58,,497,,0,,0.00,,0,,0.00,,209,,3,,1.44,,3,,£600.00,
2021 to 2022,Quarter 1: April to June,2021-2022/Q1,Great Britain,Taxi,49,,33,,67.35,,1,,0,,0.00,,0,,0.00,,0,,,x,,x,1,,£100.00,
2021 to 2022,Quarter 1: April to June,2021-2022/Q1,Great Britain,Public service vehicle,331,,42,,12.69,,122,,0,,0.00,,1,,0.82,,0,,,x,,x,2,,£600.00,
2021 to 2022,Quarter 1: April to June,2021-2022/Q1,Great Britain,Trailer,2384,,538,,22.57,,0,,0,,,x,,x,,x,18,,,x,0.00,,0,,,x
2021 to 2022,Quarter 1: April to June,2021-2022/Q1,Great Britain,Subtotal,10951,,2990,,27.30,,7011,,145,,2.07,,189,,2.70,,2113,,962,,45.53,,1204,,£244400.00,
2021 to 2022,Quarter 1: April to June,2021-2022/Q1,Non-Great Britain,Heavy goods vehicle (HGV),6614,,1256,,18.99,,9053,,189,,2.09,,224,,2.47,,892,,266,,29.82,,4240,,£927950.00,
2021 to 2022,Quarter 1: April to June,2021-2022/Q1,Non-Great Britain,Car,2,,1,,50.00,,0,,0,,,x,0,,,x,0,,0,,,x,,x,,x
2021 to 2022,Quarter 1: April to June,2021-2022/Q1,Non-Great Britain,Light goods vehicle,186,,64,,34.41,,188,,3,,1.60,,29,,15.43,,171,,103,,60.23,,171,,£29700.00,
2021 to 2022,Quarter 1: April to June,2021-2022/Q1,Non-Great Britain,Non Testable,47,,17,,36.17,,75,,0,,0.00,,0,,0.00,,48,,0,,0.00,,0,,,x
2021 to 2022,Quarter 1: April to June,2021-2022/Q1,Non-Great Britain,Taxi,,x,,x,,x,,x,,x,,x,,x,,x,0,,0,,,x,,x,,x
2021 to 2022,Quarter 1: April to June,2021-2022/Q1,Non-Great Britain,Public service vehicle,0,,0,,,x,2,,0,,0.00,,0,,0.00,,0,,0,,,x,1,,£300.00,
2021 to 2022,Quarter 1: April to June,2021-2022/Q1,Non-Great Britain,Trailer,6432,,1999,,31.08,,0,,0,,,x,0,,,x,41,,0,,0.00,,0,,,x
2021 to 2022,Quarter 1: April to June,2021-2022/Q1,Non-Great Britain,Subtotal,13281,,3337,,25.13,,9318,,192,,2.06,,253,,2.72,,1152,,369,,32.03,,4412,,£957950.00,
2021 to 2022,Quarter 1: April to June,2021-2022/Q1,Total,2021 to 2022 quarter 1,24232,,6327,,26.11,,16329,,337,,2.06,,442,,2.71,,3265,,1331,,40.77,,5616,,£1202350.00,
2020 to 2021,Quarter 4: January to March,2020-2021/Q4,Great Britain,Heavy goods vehicle (HGV),4543,,813,,17.90,,4540,,91,,2.00,,61,,1.34,,675,,181,,26.81,,521,,£113500.00,
2020 to 2021,Quarter 4: January to March,2020-2021/Q4,Great Britain,Car,74,,50,,67.57,,14,,1,,7.14,,4,,28.57,,10,,2,,20.00,,4,,£600.00,
2020 to 2021,Quarter 4: January to March,2020-2021/Q4,Great Britain,Light goods vehicle,827,,450,,54.41,,751,,11,,1.46,,32,,4.26,,673,,519,,77.12,,333,,£75550.00,
2020 to 2021,Quarter 4: January to March,2020-2021/Q4,Great Britain,Non Testable,231,,118,,51.08,,273,,0,,0.00,,0,,0.00,,103,,2,,1.94,,3,,£500.00,
2020 to 2021,Quarter 4: January to March,2020-2021/Q4,Great Britain,Taxi,,x,,x,,x,,x,,x,,x,,x,,x,,x,,x,,x,,x,,x
2020 to 2021,Quarter 4: January to March,2020-2021/Q4,Great Britain,Public service vehicle,269,,37,,13.75,,9,,0,,0.00,,0,,0.00,,0,,0,,,x,,x,,x
2020 to 2021,Quarter 4: January to March,2020-2021/Q4,Great Britain,Trailer,2095,,484,,23.10,,0,,0,,,x,0,,,x,23,,0,,0.00,,0,,,x
2020 to 2021,Quarter 4: January to March,2020-2021/Q4,Great Britain,Subtotal,8039,,1952,,24.28,,5587,,103,,1.84,,97,,1.74,,1484,,704,,47.44,,861,,£190150.00,
2020 to 2021,Quarter 4: January to March,2020-2021/Q4,Non-Great Britain,Heavy goods vehicle (HGV),5910,,797,,13.49,,8256,,91,,1.10,,143,,1.73,,788,,148,,18.78,,5025,,£1329750.00,
2020 to 2021,Quarter 4: January to March,2020-2021/Q4,Non-Great Britain,Car,1,,1,,100.00,,0,,0,,,x,0,,,x,0,,0,,,x,0,,,x
2020 to 2021,Quarter 4: January to March,2020-2021/Q4,Non-Great Britain,Light goods vehicle,48,,22,,45.83,,45,,2,,4.44,,7,,15.56,,47,,26,,55.32,,35,,£5800.00,
2020 to 2021,Quarter 4: January to March,2020-2021/Q4,Non-Great Britain,Non Testable,14,,8,,57.14,,18,,0,,0.00,,0,,0.00,,11,,0,,0.00,,0,,,x
2020 to 2021,Quarter 4: January to March,2020-2021/Q4,Non-Great Britain,Taxi,,x,,x,,x,,x,,x,,x,,x,,x,,x,,x,,x,,x,,x
2020 to 2021,Quarter 4: January to March,2020-2021/Q4,Non-Great Britain,Public service vehicle,2,,0,,0.00,,2,,0,,0.00,,0,,0.00,,2,,1,,50.00,,0,,,x
2020 to 2021,Quarter 4: January to March,2020-2021/Q4,Non-Great Britain,Trailer,5741,,1259,,21.93,,0,,0,,,x,,x,,x,76,,0,,0.00,,0,,,x
2020 to 2021,Quarter 4: January to March,2020-2021/Q4,Non-Great Britain,Subtotal,11716,,2087,,17.81,,8321,,93,,1.12,,150,,1.80,,924,,175,,18.94,,5060,,£1335550.00,
2020 to 2021,Quarter 4: January to March,2020-2021/Q4,Total,2020 to 2021 quarter 4,19755,,4039,,20.45,,13908,,196,,1.41,,247,,1.78,,2408,,879,,36.50,,5921,,£1525700.00,
2020 to 2021,Quarter 3: October to December,2020-2021/Q3,Great Britain,Heavy goods vehicle (HGV),4325,,833,,19.26,,3820,,96,,2.51,,54,,1.41,,485,,158,,32.58,,551,,£100650.00,
2020 to 2021,Quarter 3: October to December,2020-2021/Q3,Great Britain,Car,122,,83,,68.03,,13,,1,,7.69,,5,,38.46,,11,,4,,36.36,,5,,£1300.00,
2020 to 2021,Quarter 3: October to December,2020-2021/Q3,Great Britain,Light goods vehicle,1239,,644,,51.98,,911,,10,,1.10,,39,,4.28,,858,,623,,72.61,,471,,£108550.00,
2020 to 2021,Quarter 3: October to December,2020-2021/Q3,Great Britain,Non Testable,338,,185,,54.73,,297,,0,,0.00,,0,,0.00,,111,,1,,0.90,,3,,£300.00,
2020 to 2021,Quarter 3: October to December,2020-2021/Q3,Great Britain,Taxi,41,,27,,65.85,,0,,0,,,x,0,,,x,0,,0,,,x,1,,£50.00,
2020 to 2021,Quarter 3: October to December,2020-2021/Q3,Great Britain,Public service vehicle,309,,39,,12.62,,19,,0,,0.00,,0,,0.00,,1,,1,,100.00,,1,,£300.00,
2020 to 2021,Quarter 3: October to December,2020-2021/Q3,Great Britain,Trailer,1963,,443,,22.57,,0,,0,,,x,0,,,x,13,,0,,0.00,,,x,,x
2020 to 2021,Quarter 3: October to December,2020-2021/Q3,Great Britain,Subtotal,8337,,2254,,27.04,,5060,,107,,2.11,,98,,1.94,,1479,,787,,53.21,,1032,,£211150.00,
2020 to 2021,Quarter 3: October to December,2020-2021/Q3,Non-Great Britain,Heavy goods vehicle (HGV),6754,,1300,,19.25,,9109,,255,,2.80,,224,,2.46,,533,,242,,45.40,,4333,,£933150.00,
2020 to 2021,Quarter 3: October to December,2020-2021/Q3,Non-Great Britain,Car,3,,3,,100.00,,0,,0,,,x,0,,,x,0,,0,,,x,,x,,x
2020 to 2021,Quarter 3: October to December,2020-2021/Q3,Non-Great Britain,Light goods vehicle,213,,76,,35.68,,207,,1,,0.48,,19,,9.18,,206,,134,,65.05,,165,,£24950.00,
2020 to 2021,Quarter 3: October to December,2020-2021/Q3,Non-Great Britain,Non Testable,43,,15,,34.88,,49,,0,,0.00,,0,,0.00,,26,,0,,0.00,,,x,,x
2020 to 2021,Quarter 3: October to December,2020-2021/Q3,Non-Great Britain,Taxi,,x,,x,,x,,x,,x,,x,,x,,x,,x,,x,,x,,x,,x
2020 to 2021,Quarter 3: October to December,2020-2021/Q3,Non-Great Britain,Public service vehicle,,x,,x,,x,,x,,x,,x,,x,,x,,x,,x,,x,,x,,x
2020 to 2021,Quarter 3: October to December,2020-2021/Q3,Non-Great Britain,Trailer,6684,,1879,,28.11,,0,,0,,,x,0,,,x,33,,0,,0.00,,1,,£100.00,
2020 to 2021,Quarter 3: October to December,2020-2021/Q3,Non-Great Britain,Subtotal,13697,,3273,,23.90,,9365,,256,,2.73,,243,,2.59,,798,,376,,47.12,,4499,,£958200.00,
2020 to 2021,Quarter 3: October to December,2020-2021/Q3,Total,2020 to 2021 quarter 3,22034,,5527,,25.08,,14425,,363,,2.52,,341,,2.36,,2277,,1163,,51.08,,5531,,£1169350.00,
2020 to 2021,Quarter 2: July to September,2020-2021/Q2,Great Britain,Heavy goods vehicle (HGV),4386,,919,,20.95,,3792,,101,,2.66,,75,,1.98,,490,,200,,40.82,,406,,£79050.00,
2020 to 2021,Quarter 2: July to September,2020-2021/Q2,Great Britain,Car,59,,18,,30.51,,12,,1,,8.33,,2,,16.67,,7,,3,,42.86,,3,,£650.00,
2020 to 2021,Quarter 2: July to September,2020-2021/Q2,Great Britain,Light goods vehicle,794,,361,,45.47,,713,,11,,1.54,,36,,5.05,,682,,506,,74.19,,320,,£74600.00,
2020 to 2021,Quarter 2: July to September,2020-2021/Q2,Great Britain,Non Testable,345,,163,,47.25,,260,,0,,0.00,,1,,0.38,,127,,3,,2.36,,1,,£300.00,
2020 to 2021,Quarter 2: July to September,2020-2021/Q2,Great Britain,Taxi,2,,1,,50.00,,0,,0,,,x,0,,,x,0,,0,,,x,0,,,x
2020 to 2021,Quarter 2: July to September,2020-2021/Q2,Great Britain,Public service vehicle,143,,14,,9.79,,2,,0,,0.00,,0,,0.00,,0,,0,,,x,0,,,x
2020 to 2021,Quarter 2: July to September,2020-2021/Q2,Great Britain,Trailer,2096,,564,,26.91,,0,,0,,,x,0,,,x,11,,0,,0.00,,0,,,x
2020 to 2021,Quarter 2: July to September,2020-2021/Q2,Great Britain,Subtotal,7825,,2040,,26.07,,4779,,113,,2.36,,114,,2.39,,1317,,712,,54.06,,730,,£154600.00,
2020 to 2021,Quarter 2: July to September,2020-2021/Q2,Non-Great Britain,Heavy goods vehicle (HGV),7038,,1248,,17.73,,8986,,195,,2.17,,210,,2.34,,460,,233,,50.65,,3474,,£712800.00,
2020 to 2021,Quarter 2: July to September,2020-2021/Q2,Non-Great Britain,Car,,x,,x,,x,,x,,x,,x,,x,,x,,x,,x,,x,,x,,x
2020 to 2021,Quarter 2: July to September,2020-2021/Q2,Non-Great Britain,Light goods vehicle,140,,45,,32.14,,87,,3,,3.45,,23,,26.44,,79,,59,,74.68,,79,,£12600.00,
2020 to 2021,Quarter 2: July to September,2020-2021/Q2,Non-Great Britain,Non Testable,39,,20,,51.28,,69,,0,,0.00,,0,,0.00,,40,,0,,0.00,,0,,,x
2020 to 2021,Quarter 2: July to September,2020-2021/Q2,Non-Great Britain,Taxi,,x,,x,,x,,x,,x,,x,,x,,x,,x,,x,,x,,x,,x
2020 to 2021,Quarter 2: July to September,2020-2021/Q2,Non-Great Britain,Public service vehicle,,x,,x,,x,,x,,x,,x,,x,,x,,x,,x,,x,,x,,x
2020 to 2021,Quarter 2: July to September,2020-2021/Q2,Non-Great Britain,Trailer,6906,,1864,,26.99,,0,,0,,,x,0,,,x,25,,0,,0.00,,0,,,x
2020 to 2021,Quarter 2: July to September,2020-2021/Q2,Non-Great Britain,Subtotal,14123,,3177,,22.50,,9142,,198,,2.17,,233,,2.55,,604,,292,,48.34,,3553,,£725400.00,
2020 to 2021,Quarter 2: July to September,2020-2021/Q2,Total,2020 to 2021 quarter 2,21948,,5217,,23.77,,13921,,311,,2.23,,347,,2.49,,1921,,1004,,52.26,,4283,,£880000.00,
2020 to 2021,Quarter 1: April to June,2020-2021/Q1,Great Britain,Heavy goods vehicle (HGV),3232,,770,,23.82,,2496,,29,,1.16,,4,,0.16,,127,,70,,55.12,,2,,£600.00,
2020 to 2021,Quarter 1: April to June,2020-2021/Q1,Great Britain,Car,32,,4,,12.50,,0,,0,,,x,0,,,x,13,,1,,7.69,,0,,,x
2020 to 2021,Quarter 1: April to June,2020-2021/Q1,Great Britain,Light goods vehicle,402,,163,,40.55,,116,,2,,1.72,,9,,7.76,,204,,140,,68.63,,1,,£300.00,
2020 to 2021,Quarter 1: April to June,2020-2021/Q1,Great Britain,Non Testable,194,,95,,48.97,,64,,0,,0.00,,0,,0.00,,31,,1,,3.23,,0,,,x
2020 to 2021,Quarter 1: April to June,2020-2021/Q1,Great Britain,Public service vehicle,2,,2,,100.00,,1,,0,,0.00,,0,,0.00,,0,,0,,,x,0,,,x
2020 to 2021,Quarter 1: April to June,2020-2021/Q1,Great Britain,Trailer,1640,,557,,33.96,,0,,0,,,x,0,,,x,17,,0,,0.00,,0,,,x
2020 to 2021,Quarter 1: April to June,2020-2021/Q1,Great Britain,Subtotal,5502,,1591,,28.92,,2677,,31,,1.16,,13,,0.49,,392,,212,,54.08,,3,,£900.00,
2020 to 2021,Quarter 1: April to June,2020-2021/Q1,Non-Great Britain,Heavy goods vehicle (HGV),4876,,721,,14.79,,2157,,24,,1.11,,27,,1.25,,38,,23,,60.53,,14,,£2500.00,
2020 to 2021,Quarter 1: April to June,2020-2021/Q1,Non-Great Britain,Car,2,,0,,0.00,,0,,0,,,x,0,,,x,0,,0,,,x,,x,,x
2020 to 2021,Quarter 1: April to June,2020-2021/Q1,Non-Great Britain,Light goods vehicle,87,,39,,44.83,,15,,1,,6.67,,0,,0.00,,18,,16,,88.89,,0,,,x
2020 to 2021,Quarter 1: April to June,2020-2021/Q1,Non-Great Britain,Non Testable,24,,13,,54.17,,8,,0,,0.00,,0,,0.00,,4,,0,,0.00,,0,,,x
2020 to 2021,Quarter 1: April to June,2020-2021/Q1,Non-Great Britain,Public service vehicle,0,,0,,,x,0,,0,,,x,0,,,x,0,,0,,,x,0,,,x
2020 to 2021,Quarter 1: April to June,2020-2021/Q1,Non-Great Britain,Trailer,4731,,1254,,26.51,,0,,0,,,x,0,,,x,13,,0,,0.00,,0,,,x
2020 to 2021,Quarter 1: April to June,2020-2021/Q1,Non-Great Britain,Subtotal,9720,,2027,,20.85,,2180,,25,,1.15,,27,,1.24,,73,,39,,53.42,,14,,£2500.00,
2020 to 2021,Quarter 1: April to June,2020-2021/Q1,Total,2020 to 2021 quarter 1,15222,,3618,,23.77,,4857,,56,,1.15,,40,,0.82,,465,,251,,53.98,,17,,£3400.00,
2019 to 2020,Quarter 4: January to March,2019-2020/Q4,Great Britain,Heavy goods vehicle (HGV),3999,,753,,18.80,,3084,,65,,2.10,,67,,2.20,,345,,133,,38.60,,325,,£57400.00,
2019 to 2020,Quarter 4: January to March,2019-2020/Q4,Great Britain,Light goods vehicle,2363,,1030,,43.60,,1284,,17,,1.30,,67,,5.20,,1014,,652,,64.30,,393,,£78550.00,
2019 to 2020,Quarter 4: January to March,2019-2020/Q4,Great Britain,Non Testable,841,,323,,38.40,,506,,0,,0.00,,0,,0.00,,191,,1,,0.50,,3,,£250.00,
2019 to 2020,Quarter 4: January to March,2019-2020/Q4,Great Britain,Public service vehicle,742,,142,,19.10,,354,,3,,0.80,,8,,2.30,,1,,0,,0.00,,9,,£1500.00,
2019 to 2020,Quarter 4: January to March,2019-2020/Q4,Great Britain,Trailer,1562,,362,,23.20,,0,,0,,,x,0,,,x,7,,0,,0.00,,,x,,x
2019 to 2020,Quarter 4: January to March,2019-2020/Q4,Great Britain,Subtotal,9507,,2610,,27.50,,5228,,85,,1.60,,142,,2.70,,1558,,786,,50.40,,730,,£137700.00,
2019 to 2020,Quarter 4: January to March,2019-2020/Q4,Non-Great Britain,Heavy goods vehicle (HGV),6840,,1393,,20.40,,8637,,169,,2.00,,228,,2.64,,399,,190,,47.60,,4240,,£1012250.00,
2019 to 2020,Quarter 4: January to March,2019-2020/Q4,Non-Great Britain,Light goods vehicle,238,,78,,32.80,,163,,7,,4.30,,46,,28.22,,127,,87,,68.50,,192,,£40250.00,
2019 to 2020,Quarter 4: January to March,2019-2020/Q4,Non-Great Britain,Non Testable,89,,34,,38.20,,108,,0,,0.00,,0,,,x,53,,0,,0.00,,19,,£7200.00,
2019 to 2020,Quarter 4: January to March,2019-2020/Q4,Non-Great Britain,Public service vehicle,13,,4,,30.80,,18,,5,,27.80,,0,,,x,6,,4,,66.70,,,x,,x
2019 to 2020,Quarter 4: January to March,2019-2020/Q4,Non-Great Britain,Trailer,6491,,2117,,32.60,,0,,0,,,x,0,,,x,13,,0,,0.00,,2,,£400.00,
2019 to 2020,Quarter 4: January to March,2019-2020/Q4,Non-Great Britain,Subtotal,13671,,3626,,26.50,,8926,,181,,2.00,,274,,3.10,,598,,281,,47.00,,4453,,£1060100.00,
2019 to 2020,Quarter 4: January to March,2019-2020/Q4,Total,2019 to 2020 quarter 4,23178,,6236,,26.90,,14154,,266,,1.90,,416,,2.90,,2156,,1067,,49.50,,5183,,£1197800.00,
2019 to 2020,Quarter 3: October to December,2019-2020/Q3,Great Britain,Heavy goods vehicle (HGV),4676,,910,,19.50,,3656,,111,,3.00,,65,,1.80,,437,,142,,32.50,,575,,£99050.00,
2019 to 2020,Quarter 3: October to December,2019-2020/Q3,Great Britain,Light goods vehicle,2387,,1081,,45.30,,944,,16,,1.70,,83,,8.80,,734,,469,,63.90,,294,,£58450.00,
2019 to 2020,Quarter 3: October to December,2019-2020/Q3,Great Britain,Non Testable,851,,340,,40.00,,449,,0,,0.00,,0,,0.00,,145,,0,,0.00,,,x,,x
2019 to 2020,Quarter 3: October to December,2019-2020/Q3,Great Britain,Public service vehicle,1197,,151,,12.60,,731,,7,,1.00,,8,,1.10,,1,,0,,0.00,,12,,£2500.00,
2019 to 2020,Quarter 3: October to December,2019-2020/Q3,Great Britain,Trailer,1873,,403,,21.50,,0,,0,,,x,0,,,x,3,,0,,0.00,,,x,,x
2019 to 2020,Quarter 3: October to December,2019-2020/Q3,Great Britain,Subtotal,10984,,2885,,26.30,,5780,,134,,2.30,,156,,2.70,,1320,,611,,46.30,,881,,£160000.00,
2019 to 2020,Quarter 3: October to December,2019-2020/Q3,Non-Great Britain,Heavy goods vehicle (HGV),7226,,1480,,20.50,,9944,,295,,3.00,,256,,2.57,,560,,252,,45.00,,5304,,£1185250.00,
2019 to 2020,Quarter 3: October to December,2019-2020/Q3,Non-Great Britain,Light goods vehicle,159,,54,,34.00,,137,,1,,0.70,,35,,25.55,,115,,84,,73.00,,139,,£23750.00,
2019 to 2020,Quarter 3: October to December,2019-2020/Q3,Non-Great Britain,Non Testable,81,,34,,42.00,,109,,0,,0.00,,0,,,x,63,,0,,0.00,,,x,,x
2019 to 2020,Quarter 3: October to December,2019-2020/Q3,Non-Great Britain,Public service vehicle,5,,1,,20.00,,26,,2,,7.70,,0,,,x,1,,1,,100.00,,5,,£1250.00,
2019 to 2020,Quarter 3: October to December,2019-2020/Q3,Non-Great Britain,Trailer,6902,,2145,,31.10,,0,,0,,,x,0,,,x,15,,0,,0.00,,,x,,x
2019 to 2020,Quarter 3: October to December,2019-2020/Q3,Non-Great Britain,Subtotal,14373,,3714,,25.80,,10216,,298,,2.90,,291,,2.80,,754,,337,,44.70,,5448,,£1210250.00,
2019 to 2020,Quarter 3: October to December,2019-2020/Q3,Total,2019 to 2020 quarter 3,25357,,6599,,26.00,,15996,,432,,2.70,,447,,2.80,,2074,,948,,45.70,,6329,,£1370250.00,
2019 to 2020,Quarter 2: July to September,2019-2020/Q2,Great Britain,Heavy goods vehicle (HGV),4752,,900,,18.94,,4152,,122,,2.94,,91,,2.19,,620,,178,,28.71,,574,,£106850.00,
2019 to 2020,Quarter 2: July to September,2019-2020/Q2,Great Britain,Light goods vehicle,3235,,1574,,48.66,,1266,,14,,1.11,,68,,5.37,,966,,660,,68.32,,459,,£93000.00,
2019 to 2020,Quarter 2: July to September,2019-2020/Q2,Great Britain,Non Testable,694,,299,,43.08,,487,,0,,0.00,,1,,0.21,,179,,2,,1.12,,6,,£1100.00,
2019 to 2020,Quarter 2: July to September,2019-2020/Q2,Great Britain,Public service vehicle,1612,,258,,16.00,,975,,29,,2.97,,32,,3.28,,8,,3,,37.50,,60,,£13400.00,
2019 to 2020,Quarter 2: July to September,2019-2020/Q2,Great Britain,Trailer,1942,,429,,22.09,,0,,0,,,x,0,,,x,0,,0,,,x,,x,,x
2019 to 2020,Quarter 2: July to September,2019-2020/Q2,Great Britain,Subtotal,12235,,3460,,28.28,,6880,,165,,2.40,,192,,2.79,,1773,,843,,,x,1099,,£214350.00,
2019 to 2020,Quarter 2: July to September,2019-2020/Q2,Non-Great Britain,Heavy goods vehicle (HGV),6999,,1293,,18.47,,9511,,253,,2.66,,244,,2.57,,611,,284,,46.48,,5218,,£1157700.00,
2019 to 2020,Quarter 2: July to September,2019-2020/Q2,Non-Great Britain,Light goods vehicle,138,,63,,45.65,,137,,4,,2.92,,34,,24.82,,119,,91,,76.47,,145,,£24900.00,
2019 to 2020,Quarter 2: July to September,2019-2020/Q2,Non-Great Britain,Non Testable,69,,22,,31.88,,110,,0,,0.00,,0,,0.00,,63,,0,,0.00,,,x,,x
2019 to 2020,Quarter 2: July to September,2019-2020/Q2,Non-Great Britain,Public service vehicle,55,,10,,18.18,,89,,9,,10.11,,4,,4.49,,4,,2,,50.00,,29,,£6350.00,
2019 to 2020,Quarter 2: July to September,2019-2020/Q2,Non-Great Britain,Trailer,6687,,2008,,30.03,,0,,0,,,x,0,,,x,0,,0,,,x,,x,,x
2019 to 2020,Quarter 2: July to September,2019-2020/Q2,Non-Great Britain,Subtotal,13948,,3396,,24.35,,9847,,266,,2.70,,282,,2.86,,797,,377,,47.30,,5392,,£1188950.00,
2019 to 2020,Quarter 2: July to September,2019-2020/Q2,Total,2019 to 2020 quarter 2,26183,,6856,,26.18,,16727,,431,,2.58,,474,,2.83,,2570,,1220,,47.47,,6491,,£1403300.00,
2019 to 2020,Quarter 1: April to June,2019-2020/Q1,Great Britain,Heavy goods vehicle (HGV),5998,,1277,,21.30,,5314,,164,,3.10,,109,,2.10,,785,,236,,30.10,,794,,£141700.00,
2019 to 2020,Quarter 1: April to June,2019-2020/Q1,Great Britain,Light goods vehicle,3039,,1535,,50.50,,1222,,40,,3.30,,91,,7.40,,915,,591,,64.60,,430,,£87550.00,
2019 to 2020,Quarter 1: April to June,2019-2020/Q1,Great Britain,Non Testable,619,,351,,56.70,,501,,1,,0.20,,1,,0.20,,174,,0,,0.00,,1,,£100.00,
2019 to 2020,Quarter 1: April to June,2019-2020/Q1,Great Britain,Public service vehicle,1931,,393,,20.40,,1070,,26,,2.40,,28,,2.60,,0,,0,,,x,67,,£14300.00,
2019 to 2020,Quarter 1: April to June,2019-2020/Q1,Great Britain,Trailer,2390,,620,,25.90,,0,,0,,,x,0,,,x,0,,0,,,x,,x,,x
2019 to 2020,Quarter 1: April to June,2019-2020/Q1,Great Britain,Subtotal,13977,,4176,,29.90,,8107,,231,,2.80,,229,,2.80,,1874,,827,,44.10,,,x,,x
2019 to 2020,Quarter 1: April to June,2019-2020/Q1,Non-Great Britain,Heavy goods vehicle (HGV),8856,,1754,,19.80,,10847,,314,,2.90,,317,,2.90,,744,,281,,37.80,,6430,,£1480200.00,
2019 to 2020,Quarter 1: April to June,2019-2020/Q1,Non-Great Britain,Light goods vehicle,178,,70,,39.30,,163,,9,,5.50,,41,,25.20,,125,,90,,72.00,,170,,£31900.00,
2019 to 2020,Quarter 1: April to June,2019-2020/Q1,Non-Great Britain,Non Testable,76,,29,,38.20,,135,,0,,0.00,,0,,0.00,,61,,0,,0.00,,,x,,x
2019 to 2020,Quarter 1: April to June,2019-2020/Q1,Non-Great Britain,Public service vehicle,70,,18,,25.70,,130,,6,,4.60,,4,,3.10,,4,,3,,75.00,,39,,£9350.00,
2019 to 2020,Quarter 1: April to June,2019-2020/Q1,Non-Great Britain,Trailer,8473,,2817,,33.20,,0,,0,,,x,0,,,x,0,,0,,,x,,x,,x
2019 to 2020,Quarter 1: April to June,2019-2020/Q1,Non-Great Britain,Subtotal,17653,,4688,,26.60,,11275,,329,,2.90,,362,,3.20,,934,,374,,40.00,,,x,,x
2019 to 2020,Quarter 1: April to June,2019-2020/Q1,Total,2019 to 2020 quarter 1,31630,,8864,,28.00,,19382,,560,,2.90,,591,,3.00,,2808,,1201,,42.80,,7931,,£1765100.00,
2018 to 2019,Total,2018-2019,Great Britain,Heavy goods vehicle (HGV),23299,,5872,,25.20,,23152,,861,,3.70,,564,,2.40,,2927,,1034,,35.30,,3844,,£682200.00,
2018 to 2019,Total,2018-2019,Great Britain,Light goods vehicle,12159,,6038,,49.70,,4682,,99,,2.10,,352,,7.50,,3461,,2431,,70.20,,1785,,£355800.00,
2018 to 2019,Total,2018-2019,Great Britain,Non Testable,2831,,1427,,50.40,,2094,,2,,0.10,,0,,0.00,,668,,3,,0.40,,32,,£3200.00,
2018 to 2019,Total,2018-2019,Great Britain,Public service vehicle,7201,,1247,,17.30,,3650,,127,,3.50,,86,,2.40,,9,,4,,44.40,,220,,£42450.00,
2018 to 2019,Total,2018-2019,Great Britain,Trailer,9826,,2750,,28.00,,0,,0,,,x,0,,,x,0,,0,,,x,,x,,x
2018 to 2019,Total,2018-2019,Great Britain,Subtotal,55316,,17334,,31.30,,33578,,1089,,3.20,,1002,,3.00,,7065,,3472,,49.10,,5881,,£1083650.00,
2018 to 2019,Total,2018-2019,Non-Great Britain,Heavy goods vehicle (HGV),31636,,7171,,22.70,,44296,,1450,,3.30,,1318,,3.00,,2715,,1273,,46.90,,26063,,£5769050.00,
2018 to 2019,Total,2018-2019,Non-Great Britain,Light goods vehicle,734,,322,,43.90,,774,,24,,3.10,,191,,24.70,,638,,473,,74.10,,844,,£142250.00,
2018 to 2019,Total,2018-2019,Non-Great Britain,Non Testable,324,,140,,43.20,,563,,1,,0.20,,1,,0.20,,311,,0,,0.00,,5,,£800.00,
2018 to 2019,Total,2018-2019,Non-Great Britain,Public service vehicle,156,,53,,34.00,,275,,11,,4.00,,8,,2.90,,17,,13,,76.50,,119,,£30350.00,
2018 to 2019,Total,2018-2019,Non-Great Britain,Trailer,30680,,10724,,35.00,,0,,0,,,x,0,,,x,0,,0,,,x,,x,,x
2018 to 2019,Total,2018-2019,Non-Great Britain,Subtotal,63530,,18410,,29.00,,45908,,1486,,3.20,,1518,,3.30,,3681,,1759,,47.80,,27031,,£5942450.00,
2018 to 2019,Total,2018-2019,Total,Total,118846,,35744,,30.10,,79486,,2575,,3.20,,2520,,3.20,,10746,,5231,,48.70,,32912,,£7026100.00,
2017 to 2018,Total,2017-2018,Great Britain,Heavy goods vehicle (HGV),28747,,7111,,24.80,,28061,,1195,,4.30,,780,,2.80,,3063,,1131,,36.90,,3405,,£480400.00,
2017 to 2018,Total,2017-2018,Great Britain,Light goods vehicle,13357,,6256,,46.90,,4838,,115,,2.40,,383,,7.90,,2993,,2180,,72.90,,1668,,£327200.00,
2017 to 2018,Total,2017-2018,Great Britain,Non Testable,3032,,1723,,56.90,,2161,,0,,0.00,,5,,0.30,,650,,8,,1.30,,53,,£5250.00,
2017 to 2018,Total,2017-2018,Great Britain,Public service vehicle,9311,,1524,,16.40,,5368,,163,,3.10,,143,,2.70,,16,,3,,18.80,,207,,£27700.00,
2017 to 2018,Total,2017-2018,Great Britain,Trailer,11059,,2858,,25.90,,0,,0,,0.00,,-,,0.00,,0,,0,,0.00,,,x,,x
2017 to 2018,Total,2017-2018,Great Britain,Subtotal,65506,,19472,,29.70,,40428,,1473,,3.70,,1311,,3.30,,6722,,3322,,49.40,,5333,,£840550.00,
2017 to 2018,Total,2017-2018,Non-Great Britain,Heavy goods vehicle (HGV),34707,,8240,,23.80,,46432,,2198,,4.80,,1998,,4.30,,2747,,1435,,52.30,,15105,,£3077850.00,
2017 to 2018,Total,2017-2018,Non-Great Britain,Light goods vehicle,578,,253,,43.80,,606,,21,,3.50,,163,,26.90,,398,,303,,76.20,,536,,£113050.00,
2017 to 2018,Total,2017-2018,Non-Great Britain,Non Testable,223,,88,,39.50,,407,,0,,0.00,,-,,0.00,,171,,0,,0.00,,1,,£100.00,
2017 to 2018,Total,2017-2018,Non-Great Britain,Public service vehicle,191,,25,,13.10,,331,,28,,8.50,,6,,1.80,,5,,4,,80.00,,50,,£11300.00,
2017 to 2018,Total,2017-2018,Non-Great Britain,Trailer,33730,,10943,,32.50,,0,,0,,0.00,,-,,0.00,,0,,0,,0.00,,,x,,x
2017 to 2018,Total,2017-2018,Non-Great Britain,Subtotal,69429,,19549,,28.20,,47776,,2247,,4.70,,2167,,4.60,,3321,,1742,,52.50,,15692,,£3202300.00,
2017 to 2018,Total,2017-2018,Total,Total,134935,,39021,,28.90,,88204,,3720,,4.20,,3478,,4.00,,10043,,5064,,50.40,,,x,£4042850.00,
2016 to 2017,Total,2016-2017,Great Britain,Heavy goods vehicle (HGV),26671,,7411,,27.80,,28791,,1478,,5.10,,978,,3.40,,2815,,1101,,39.10,,3772,,£506700.00,
2016 to 2017,Total,2016-2017,Great Britain,Light goods vehicle,9512,,5288,,55.60,,2845,,86,,3.00,,281,,9.90,,1946,,1505,,77.30,,1132,,£217300.00,
2016 to 2017,Total,2016-2017,Great Britain,Non Testable,2314,,1329,,57.40,,1740,,2,,0.10,,10,,0.60,,504,,7,,1.40,,33,,£4350.00,
2016 to 2017,Total,2016-2017,Great Britain,Public service vehicle,11116,,1703,,15.30,,4363,,161,,3.70,,120,,2.80,,9,,4,,44.40,,203,,£26400.00,
2016 to 2017,Total,2016-2017,Great Britain,Trailer,9606,,2733,,28.50,,0,,0,,,x,-,,,x,0,,0,,,x,,x,,x
2016 to 2017,Total,2016-2017,Great Britain,Subtotal,59219,,18464,,31.20,,37739,,1727,,4.60,,1389,,3.70,,5274,,2617,,49.60,,5140,,£754750.00,
2016 to 2017,Total,2016-2017,Non-Great Britain,Heavy goods vehicle (HGV),38019,,9994,,26.30,,50847,,2987,,5.90,,2992,,5.90,,2641,,1509,,57.10,,16998,,£3368350.00,
2016 to 2017,Total,2016-2017,Non-Great Britain,Light goods vehicle,275,,146,,53.10,,320,,30,,9.40,,131,,40.90,,208,,173,,83.20,,355,,£71100.00,
2016 to 2017,Total,2016-2017,Non-Great Britain,Non Testable,176,,84,,47.70,,356,,0,,0.00,,-,,0.00,,145,,6,,0.00,,,x,,x
2016 to 2017,Total,2016-2017,Non-Great Britain,Public service vehicle,208,,57,,27.40,,306,,15,,4.90,,9,,2.90,,4,,4,,100.00,,44,,£13200.00,
2016 to 2017,Total,2016-2017,Non-Great Britain,Trailer,36421,,12675,,34.80,,0,,0,,,x,-,,,x,0,,0,,,x,,x,,x
2016 to 2017,Total,2016-2017,Non-Great Britain,Subtotal,75099,,22956,,30.60,,51829,,3032,,5.90,,3132,,6.00,,2998,,1692,,56.40,,17397,,£3452650.00,
2016 to 2017,Total,2016-2017,Total,Total,134318,,41420,,30.80,,89568,,4759,,5.30,,4521,,5.10,,8272,,4309,,52.10,,22537,,£4207400.00,
2015 to 2016,Total,2015-2016,Great Britain,Heavy goods vehicle (HGV),29030,,8734,,30.10,,32909,,2331,,7.10,,1517,,4.60,,2567,,1168,,45.50,,4989,,£626400.00,
2015 to 2016,Total,2015-2016,Great Britain,Public service vehicle,8485,,1738,,20.50,,5161,,226,,4.40,,160,,3.10,,11,,3,,27.30,,293,,£41000.00,
2015 to 2016,Total,2015-2016,Great Britain,Non Testable,2504,,1538,,61.40,,1865,,1,,0.10,,10,,0.50,,470,,5,,1.10,,40,,£4750.00,
2015 to 2016,Total,2015-2016,Great Britain,Light goods vehicle,8429,,5208,,61.80,,2708,,105,,3.90,,357,,13.20,,2158,,1662,,77.00,,1220,,£231000.00,
2015 to 2016,Total,2015-2016,Great Britain,Trailer,10461,,3136,,30.00,,0,,0,,,x,-,,,x,0,,0,,,x,,x,,x
2015 to 2016,Total,2015-2016,Great Britain,Subtotal,58909,,20354,,34.60,,42643,,2663,,6.20,,2044,,4.80,,5206,,2838,,54.50,,6542,,£903150.00,
2015 to 2016,Total,2015-2016,Non-Great Britain,Heavy goods vehicle (HGV),35538,,11277,,31.70,,51355,,4231,,8.20,,3974,,7.70,,3063,,1741,,56.80,,17656,,£3380700.00,
2015 to 2016,Total,2015-2016,Non-Great Britain,Public service vehicle,216,,56,,25.90,,319,,25,,7.80,,7,,2.20,,1,,1,,100.00,,50,,£10300.00,
2015 to 2016,Total,2015-2016,Non-Great Britain,Non Testable,147,,76,,51.70,,393,,0,,0.00,,1,,0.30,,149,,0,,0.00,,,x,,x
2015 to 2016,Total,2015-2016,Non-Great Britain,Light goods vehicle,273,,178,,65.20,,381,,38,,10.00,,174,,45.70,,265,,216,,81.50,,407,,£86100.00,
2015 to 2016,Total,2015-2016,Non-Great Britain,Trailer,33798,,13925,,41.20,,0,,0.00,,,x,-,,,x,0,,0,,,x,,x,,x
2015 to 2016,Total,2015-2016,Non-Great Britain,Subtotal,69972,,25512,,36.50,,52448,,4294,,8.20,,4156,,7.90,,3478,,1958,,56.30,,18113,,£3477100.00,
2015 to 2016,Total,2015-2016,Total,Total,128881,,45866,,35.60,,95091,,6957,,7.30,,6200,,6.50,,8684,,4796,,55.20,,24655,,£4380250.00,
2014 to 2015,Total,2014-2015,Great Britain,Heavy goods vehicle (HGV),37203,,11438,,30.70,,37101,,2717,,7.30,,1811,,4.90,,2639,,1308,,49.60,,5173,,£680350.00,
2014 to 2015,Total,2014-2015,Great Britain,Public service vehicle,11342,,1997,,17.60,,4743,,284,,6.00,,208,,4.40,,7,,6,,85.70,,356,,£50950.00,
2014 to 2015,Total,2014-2015,Great Britain,Non Testable,3732,,2352,,63.00,,2284,,5,,0.20,,10,,0.40,,602,,17,,2.80,,69,,£7500.00,
2014 to 2015,Total,2014-2015,Great Britain,Light goods vehicle,12749,,7626,,59.80,,3225,,146,,4.50,,483,,15.00,,2434,,1918,,78.80,,1443,,£262300.00,
2014 to 2015,Total,2014-2015,Great Britain,Trailer,13270,,4056,,30.60,,0,,0,,,x,-,,,x,0,,0,,,x,,x,,x
2014 to 2015,Total,2014-2015,Great Britain,Subtotal,78296,,27469,,35.10,,47353,,3152,,6.70,,2512,,5.30,,5682,,3249,,57.20,,7041,,£1001100.00,
2014 to 2015,Total,2014-2015,Non-Great Britain,Heavy goods vehicle (HGV),36212,,11279,,31.10,,45570,,3653,,8.00,,3547,,7.80,,2719,,1477,,54.30,,15273,,£2746280.00,
2014 to 2015,Total,2014-2015,Non-Great Britain,Public service vehicle,203,,56,,27.60,,283,,29,,10.20,,16,,5.70,,2,,2,,100.00,,52,,£9950.00,
2014 to 2015,Total,2014-2015,Non-Great Britain,Non Testable,184,,99,,53.80,,300,,0,,0.00,,-,,0.00,,86,,1,,1.20,,3,,£600.00,
2014 to 2015,Total,2014-2015,Non-Great Britain,Light goods vehicle,406,,234,,57.60,,313,,24,,7.70,,106,,33.90,,216,,178,,82.40,,289,,£68500.00,
2014 to 2015,Total,2014-2015,Non-Great Britain,Trailer,34392,,14230,,41.40,,0,,0.00,,,x,-,,,x,0,,0,,,x,,x,,x
2014 to 2015,Total,2014-2015,Non-Great Britain,Subtotal,71397,,25898,,36.30,,46466,,3706,,8.00,,3669,,7.90,,3023,,1658,,54.80,,15617,,£2825330.00,
2014 to 2015,Total,2014-2015,Total,Total,149693,,53367,,35.70,,93819,,6858,,7.30,,6181,,6.60,,8705,,4907,,56.40,,22658,,£3826430.00,
2013 to 2014,Total,2013-2014,Great Britain,Heavy goods vehicle (HGV),38816,,12089,,31.10,,39322,,2964,,7.50,,2110,,5.40,,3097,,1583,,51.10,,4829,,£646220.00,
2013 to 2014,Total,2013-2014,Great Britain,Public service vehicle,14786,,2972,,20.10,,7539,,356,,4.70,,281,,3.70,,27,,6,,22.20,,377,,£49370.00,
2013 to 2014,Total,2013-2014,Great Britain,Non Testable,4836,,3171,,65.60,,2878,,0,,0.00,,4,,0.10,,699,,9,,1.30,,79,,£6650.00,
2013 to 2014,Total,2013-2014,Great Britain,Light goods vehicle,20520,,11657,,56.80,,4983,,183,,3.70,,559,,11.20,,3271,,2540,,77.70,,1808,,£303800.00,
2013 to 2014,Total,2013-2014,Great Britain,Trailer,13481,,4286,,31.80,,0,,0,,,x,-,,,x,0,,0,,,x,,x,,x
2013 to 2014,Total,2013-2014,Great Britain,Subtotal,92439,,34175,,37.00,,54722,,3503,,6.40,,2954,,5.40,,7094,,4138,,58.30,,7093,,£1006040.00,
2013 to 2014,Total,2013-2014,Non-Great Britain,Heavy goods vehicle (HGV),32271,,10696,,33.10,,39210,,3265,,8.30,,2831,,7.20,,2720,,1475,,54.20,,10749,,£1449160.00,
2013 to 2014,Total,2013-2014,Non-Great Britain,Public service vehicle,257,,79,,30.70,,427,,38,,8.90,,16,,3.80,,11,,7,,63.60,,62,,£10870.00,
2013 to 2014,Total,2013-2014,Non-Great Britain,Non Testable,195,,101,,51.80,,261,,0,,0.00,,-,,0.00,,81,,0,,0.00,,5,,£400.00,
2013 to 2014,Total,2013-2014,Non-Great Britain,Light goods vehicle,496,,257,,51.80,,391,,15,,3.80,,73,,18.70,,314,,257,,81.80,,365,,£64590.00,
2013 to 2014,Total,2013-2014,Non-Great Britain,Trailer,30537,,13568,,44.40,,0,,0,,,x,-,,,x,0,,0,,,x,,x,,x
2013 to 2014,Total,2013-2014,Non-Great Britain,Subtotal,63756,,24701,,38.70,,40289,,3318,,8.20,,2920,,7.30,,3126,,1739,,55.60,,11181,,£1525020.00,
2013 to 2014,Total,2013-2014,Total,Total,156195,,58876,,37.70,,95011,,6821,,7.20,,5874,,6.20,,10220,,5877,,57.50,,18274,,£2531060.00,
